temperature,humidity,pressure,vibration,status
27.483570765056164,63.99355436586002,1006.2482172502562,0.04609622106130451,normal
24.308678494144075,59.246336829127685,1011.5548132928449,0.569807494610249,normal
28.23844269050346,50.59630369920174,1005.0758007900004,0.7931972332891779,normal
32.61514928204013,43.53063222294426,1009.9203847036096,1.9438438286700952,faulty
23.829233126383322,56.982233136135896,994.0638533304622,1.278276562266879,normal
23.8293152152541,53.934853854217494,1015.1329370737294,0.3322592154500543,normal
32.896064077536955,58.95193220027733,1013.0120547536222,1.2430181447088184,normal
28.837173645764544,56.351718016819696,1004.8291136893181,0.22634800553081724,normal
22.65262807032524,60.49552715319335,1019.592456684324,1.5413455269435365,normal
27.712800217929825,44.64764788439432,1022.3757013762656,0.7644376740910607,normal
22.682911535937688,63.173940656343255,996.9244013563102,0.9531819056304146,normal
22.671351232148716,51.975996046923996,1005.3727522143379,1.662898323771095,normal
26.20981135783017,70.75260872625265,1005.308576502127,0.356418215707875,normal
15.43359877671101,43.10812181910432,1003.6009689889114,0.3014409074435044,normal
16.375410837434835,67.3596380316525,1021.2947484193174,0.7082003368269976,normal
22.188562353795135,51.979107834626475,1011.0617386122719,1.5191894255096583,normal
19.93584439832788,43.48581996385552,1010.3548515868939,0.2403269622615788,normal
26.571236662976368,45.16114165945678,992.9613763559324,-0.4160777990552844,normal
20.459879622393945,46.7965269180568,1019.3541803020922,0.7744205707955006,normal
17.938481493323543,54.241659464019165,1000.6074160514653,1.2758703999554601,normal
32.32824384460777,55.228354880355,1013.5993263026633,1.6001308748694147,faulty
23.871118497567323,44.26299996061421,1015.773769379582,0.7684193189573005,normal
25.33764102343962,49.756454077390174,1026.6065859583864,0.7942866964419988,normal
17.87625906893272,71.42270358611864,999.9117960088089,1.5769503671278735,normal
22.278086377374088,67.27543170100711,982.8048784417917,0.0651291501522897,normal
25.55461294854933,54.36323669674032,1014.838495447537,0.8057396124084953,normal
19.245032112888488,50.380034781682,1031.0051118151086,1.0952119449625288,normal
26.87849009172836,51.200313267182615,1025.3894635293943,1.2246093606425172,normal
21.996806550405974,56.13517972730416,1015.0965941527462,0.7450966534045587,normal
23.541531251033618,39.77207434801595,1008.0836381436795,1.0172205058529207,normal
21.991466938853016,47.42623462576655,1021.071225966373,-0.24416367670649475,normal
34.26139092254469,33.314159261224106,1003.2645380029553,0.6708757938330758,normal
24.93251387631033,53.992231226052795,1017.7635776935622,1.2267543562772336,normal
19.711445355220498,56.47195939702741,1018.0547015916662,0.5088529828726602,normal
29.112724560515943,45.16813537700626,1023.6020990749888,1.0294921107947987,normal
18.895781750144888,65.73986763290033,1040.5966003891108,1.223436250401349,normal
26.044317975023777,37.74234336997659,1016.9241596717877,0.8287253995711175,normal
15.201649380601122,35.3562511979018,1007.910363742925,1.0852318854982854,normal
18.359069755507846,52.24451818559972,1012.74425687808,0.5186337173576938,normal
25.984306179345616,60.470983026121544,995.3092409511088,0.8966943601519767,normal
28.692332899977053,66.83927691457869,1006.0528686891095,1.3051080847946113,normal
25.85684140594985,45.4111573713106,1008.9071756188689,1.0784864804842171,normal
24.421758588058797,60.78680833431296,1007.7591160206541,0.7067343652180322,normal
23.494481522053555,49.61491530499293,1014.5235487203372,1.1121082021453965,normal
17.607390048162863,48.273727000591805,1004.775800676178,1.357304895318309,normal
21.400778958026457,58.83659937486672,1024.2103066732448,-0.024970639288738994,normal
22.696806145201062,56.5232287841342,1013.002070649182,1.579537032477949,normal
30.285611131094576,34.236078430157505,1012.9069967886138,0.831872630659464,normal
26.71809144784231,64.76540349725896,1009.7210528348709,1.212744966620115,normal
16.18479922318633,63.800913541474515,1014.5519068385898,1.5986234618226138,normal
26.620419846973974,43.74437298490471,1021.2509826466763,0.314163151384767,normal
23.074588597918417,53.95803533437409,1004.328697842891,0.6452794987862267,normal
21.615389998470206,54.94030186282739,1006.4188351092474,0.8557256520621476,normal
28.05838144420434,52.60673765823907,1009.9627397122333,0.6081232394377858,normal
30.154997612479754,44.4969484615458,999.5412907652678,1.8674682879184044,faulty
29.656400595580994,43.283766320619485,1004.807421402785,0.5716139530866036,normal
20.803912383886807,49.744459290085544,1008.2377912645534,0.7222266102565666,normal
23.453938120743928,61.72729019259364,1021.7438918071273,1.1021945158014883,normal
26.65631715701782,55.43600154594432,1015.6256132900193,0.3989252369619556,normal
29.877725635611796,46.29385667913894,1014.9358991136754,0.8021596441218681,normal
22.60412881077355,57.716987106483444,1021.5089796216797,1.1587266306250876,normal
24.071705116680914,21.514573793699245,1011.626282116006,0.8335697978087444,normal
19.46832512996986,61.48765700372103,1016.9046484992889,0.9533065705500259,normal
19.018966879596647,32.60286221221901,1011.967782470675,0.7353339437758146,normal
29.062629111970992,46.37559058596868,1015.6536234939963,0.24276484540961651,normal
31.781200142854114,38.803301053738565,1007.1724134238842,1.1607966056696193,normal
24.63994939209833,37.053185242790946,988.6118284172358,1.8774665358236207,normal
30.01766448946012,61.608267873785195,1011.6572083781369,1.0092008153917191,normal
26.80818012523817,45.32298798688109,1027.2274813609995,1.1126320586237748,normal
21.77440122697438,53.46503881730716,1022.2621540224159,1.3463613775584298,normal
26.80697802754207,49.53079421120816,1022.6539748459118,0.3653347517266504,normal
32.690182832329846,54.770408272231215,1025.3613072180622,1.851257329064803,faulty
24.820869804450243,50.768218910602556,1013.8865759096144,1.101164398211401,normal
32.82321827907003,37.1700777581143,1014.973157074056,1.8159284495445545,faulty
11.901274479551278,59.9626681944714,1006.8234810456565,0.6334835022380053,normal
29.10951252187612,45.06243416838687,1009.8392714397295,1.9090309612789125,normal
25.435235341190857,34.434181013402494,1019.1577114977114,1.3875777470173916,normal
23.504963247670663,45.718848390340874,1025.0388443716881,1.2765200429261792,normal
25.45880388267751,65.00759790634311,1011.60553724319,1.117012227176574,normal
15.062155426995536,58.50221742113493,1008.4981073514858,0.8757356909627754,normal
23.90164056081244,46.51347865592141,1013.0052795885659,1.6002658292369363,normal
26.78556285755873,46.50742295681571,1019.0120674892911,1.0701799349240235,normal
32.38947022370758,46.783649487826175,998.5614518386645,0.016465148206423863,normal
22.40864890863176,70.76747983560841,990.0381904686276,0.4414067691464988,normal
20.95753198553406,53.819354522315535,1007.4946315050842,0.9070771239036264,normal
22.491214782077318,54.300416471910694,1000.7928757408584,1.1549994915827775,normal
29.57701058851037,60.30283454031842,1007.9185980235269,0.9717057555500521,normal
26.643755548298422,52.387891590265134,1011.5221968118253,1.6094853948968315,normal
22.351198981164806,47.40957854179297,1008.4675159097699,0.024449067980687578,normal
27.56633716556678,48.03650150915022,1027.5246753447075,1.07179396825258,normal
25.4853877467402,49.283987405859364,1016.2674476460232,0.09101038730642264,normal
29.843224952664446,49.627777634901584,1016.0047435961083,1.379856147742084,normal
21.489734530613237,57.2762954363698,1019.222071440434,0.9527706427789986,normal
23.361689267011158,50.519458858072994,1001.6116688221923,1.209804986012059,normal
23.039459234339212,57.32640077215579,1023.3911178742027,0.5680585197051169,normal
17.682425259339407,49.19283419891418,1012.2423571346454,1.6397324658288754,normal
26.48060138532288,50.786351903160906,1019.7048061724121,1.5208623320294257,normal
26.305276360899448,30.017993154678923,1002.2814276695984,1.2917721515059437,normal
25.025567283212304,59.16327674702482,997.4624123398394,0.9352413765682797,normal
23.827064333124266,53.46488475897993,1021.1788965802502,1.289928642647566,normal
17.92314628974793,59.98010109859652,1016.7640952609752,0.6465537160063255,normal
22.896773386173205,21.037446218063106,1003.9794844564249,1.427777829510356,normal
23.286427417366152,70.88374704780728,1004.3033691872531,1.8247404471619606,normal
20.988613653891903,48.604103718448265,1024.2543478441478,1.535305279989593,normal
24.193571441669953,61.081828167375164,1001.1058810713267,0.6351987650962952,normal
27.020254284072692,39.60094072874469,1029.4267295325596,1.1807086586365514,normal
34.43092950605265,56.1277390506257,1003.9937926535213,0.3534292281206761,normal
25.872889064159196,39.46584436826344,1019.3839192560838,1.286195155587838,normal
26.28775195361382,43.76231039304195,1009.7138152425101,1.2253017064312695,normal
24.627770421169163,69.14031353866787,1019.0318743108235,0.06509183023391796,normal
15.406143923504793,48.09317599236653,1007.5588599788581,0.4191080780438181,normal
24.867430622753915,52.17432873179723,1011.372070939277,0.8584305516281164,normal
25.301151049705133,58.70067730688754,1013.4091917539572,0.8495701264295868,normal
37.316210562426434,54.95681887972604,1002.9781254421853,0.39526153229059735,normal
24.038195176094387,51.504189051435766,1020.4082434542013,1.194489364676092,normal
26.507736711668063,53.64961002466225,1007.8678643352841,1.125736804470256,normal
24.826441151473784,74.03415585238275,1010.7140008465998,0.9028654340107404,normal
19.15660981190234,49.42381202966415,1003.0565062539149,0.6221042499208185,normal
30.714114072575104,52.010990467149675,987.3766634120469,1.5243535632082819,faulty
28.759665163433873,60.50654396007612,1011.0897223739983,1.8277035565441477,normal
28.955159735215233,61.05525932957984,1037.1261542161292,0.7582192580767315,normal
20.453062726026303,61.8703030556038,1020.8460428789803,0.6939165414225896,normal
32.013971554680495,56.38730222029184,1012.807396202656,1.2456038327059982,normal
17.990744686038596,38.569950872695166,1010.3710917079173,0.8209853101265069,normal
27.934285469001352,66.33431532301096,1013.2246589281204,0.9303013996683829,normal
35.952278129049894,38.53654606981312,1018.4711911517521,1.3698265758623358,normal
20.04731837434656,53.02635465239033,1001.1918718469116,0.0453219562463536,normal
22.16851135198614,42.45724149980642,1024.1432169466887,1.6591511624263346,normal
25.498256825438204,49.35861653407007,1020.1538131544124,1.0363402621646707,normal
22.482621729419005,53.2876241030348,1020.1818572570794,0.7942534277189099,normal
17.246682844669337,53.21357215450273,1017.3847573880972,0.9553829228892755,normal
25.342814874030136,54.21920754235285,1013.1961665769398,0.9812146775102594,normal
19.688481431369475,66.13711269058646,1019.7286123596682,0.1343993482775373,normal
27.36796215317591,54.5353430151398,1018.9181413374138,1.747469113726618,normal
20.402878828830985,47.558433647093516,1009.4595928905898,1.0206628161353093,normal
32.7496720250877,59.64087168288357,1007.263982271031,1.2215010652236875,normal
21.083733538318814,61.894704889246405,1014.0185629526198,1.4757748852870214,normal
23.38969241897162,37.72392184863008,1028.4902015149519,0.4894187712198499,normal
29.067586086848348,55.97400069849858,1000.608929243461,1.2367359495176142,normal
18.845678417830225,57.01172742310898,998.3247473424756,0.8661794545506032,normal
26.137299673020646,47.02436496640008,1014.6476084123651,1.423385387608247,normal
31.53571377141214,63.75706813311619,1013.5088770185602,-0.06361371017574768,normal
16.96258382719386,48.499444129674735,1014.7334166437041,0.9504528498793655,normal
25.92316929266152,51.255764534715425,1015.439531979085,0.6985896721080191,normal
26.299413971242117,48.2692817571613,1010.767977453652,1.2161314753170778,normal
28.90911435888655,50.155790475814676,1027.8986343860208,1.235022093684101,normal
18.81524644560959,39.037249131047986,996.9909602152348,0.646187052588987,normal
18.397716934578618,35.59949117405706,1004.7150297521976,0.6439130679119782,normal
27.60970782808449,65.94505063224972,1011.9674523985095,0.9446673157213352,normal
26.48492336616593,41.53038651681672,996.5681118884584,0.5516788863423959,normal
26.252464251729382,40.08607650543693,1011.2414559556793,1.4209918477260635,normal
26.732241047484877,28.466098863962852,1029.6147016572802,0.815396399776277,normal
21.599876392107547,43.610382523104974,1013.2088648829596,-0.4534941096608207,normal
26.161268485805017,36.76910206592502,1015.3070090571869,0.8125889716890969,normal
26.465362366493405,66.4201516013637,1000.3983523482742,0.48072808957801383,normal
21.42824290986816,60.09817089342634,1006.8363859196053,0.18436209226952727,normal
34.328872555723784,43.118496548222765,1009.2480361967606,0.38128668088871376,normal
27.36916460455894,72.52435805344308,1009.8228490324377,1.054704235916485,normal
19.043482513986756,59.81765486991594,1025.8164379500377,1.6643204141241155,normal
28.28276804316915,46.75168616491378,1018.5769106072512,1.15659223693249,normal
20.126591648863393,25.00594285126427,1001.8854204306297,0.6967483058921302,normal
28.93542301871226,72.90942572590743,1015.4650477843201,1.2279520975853513,normal
30.79297789503702,36.10427533236404,1017.9822174849678,0.7704548448905041,normal
20.89658840824145,33.546012530431085,1024.4014903852126,0.6526998154184277,normal
29.81688064622161,60.225704320096405,1028.8054068656838,0.4228186658835078,normal
27.06390463468249,74.39752406339272,1002.8490580817213,0.12408559662414043,normal
29.11030079997245,63.84272818510518,1004.8914248878966,0.8050381467202774,normal
34.48396491326974,55.639091200523595,1000.4242214108539,1.079026744960066,normal
23.773059419985646,55.94754341665286,1010.6598014089302,0.9516881649925552,normal
21.23131917821255,58.53415558780308,1017.6635837444634,0.7920165360263207,normal
20.552427851872384,57.589285897867654,1022.873345165891,0.5271269696516094,normal
20.920948575172808,52.811914239693756,1012.2404897635748,1.3041230958424843,normal
24.614491452929478,51.04201103951876,1009.8015247674516,0.3414340400267075,normal
26.70575987408322,49.374068721004775,1014.5175799224874,1.3880139569217378,normal
26.383453996650097,42.46035411133324,1004.6485709836998,0.4988914905366376,normal
29.13591624518012,47.19324923133226,1033.8953872169477,0.6237823813234825,normal
25.065009459389536,33.07043185804615,996.9233897288194,0.2666074046921615,normal
32.26767038578659,49.0166037320525,1014.8474057889572,0.7492989265571817,normal
23.67671583381022,40.11408892849083,1033.2360621922965,1.4876562292389894,normal
38.600845832948096,38.964106827842286,1013.0679984456,1.2578140442219783,normal
28.12833673882503,51.798941511534785,1011.099609649985,1.4892110560140175,normal
20.714212217918586,63.92002286344599,1009.4255457718957,1.261071272966968,normal
19.64553750969444,59.183166060023126,1011.1960831823759,0.4481650857348154,normal
27.412362076215928,34.29499396376823,1026.7284847467654,0.8346053878362213,normal
23.882686073370746,40.10371863429663,990.881380886705,0.6099004354412687,normal
28.57000247046046,59.40771187988216,1028.3343370129633,1.6652874520195202,normal
27.366188122867726,40.175126064616904,998.7604284754985,0.4016056767868442,normal
24.635855436715637,47.753668500029754,1010.3334767076559,1.4468488446945553,normal
20.766031409657977,55.50052099024552,1008.7075557970134,1.4464769350543847,normal
17.425763876570677,40.31655545136365,1018.8855326977072,1.9148101008580436,normal
22.767425239664895,51.0537550614596,997.0187564811625,0.7951567036852514,normal
29.28199397161736,36.65974505081795,1017.6217266608194,1.356161079790081,normal
26.07046872065102,43.98632356048786,1033.2430962328685,2.1408259182694214,normal
18.771306106440058,53.19781934142537,999.3682599540718,0.6911791615331517,normal
25.86590462925591,34.070062664683306,1014.8970616761039,0.23247987623382016,normal
26.926586898644185,54.40474737960399,1006.3801782220339,0.05999498304611817,normal
20.580712818994336,49.803622010733186,1017.2588720619303,1.3563560144306657,normal
25.76862552972764,55.524899544171475,1013.1914777741575,0.0584248959707081,normal
25.29104359223,52.23914134064661,1006.5851309095569,0.8138404735310386,normal
19.285148510846884,63.64140429973844,1017.8787228487107,1.2186565935194804,normal
26.788936801741418,51.25224502647907,1031.0434810978675,1.092587768414957,normal
27.80392263184117,45.70594458874747,1011.0909620827271,1.2127224320920862,normal
30.415256215876383,51.222975030322836,1020.1975794214818,1.111144927900427,normal
30.269010260174515,55.43298029036388,1000.0672704212884,1.6394329066566966,faulty
18.111653160214544,50.48860070325704,1003.4356362318199,0.5238418096306015,normal
20.310874800424386,50.405916912038826,1017.7240627788037,0.6615024307707343,normal
27.5751763360433,42.980083121932445,1027.8411602853596,0.613670277364588,normal
27.568929754561044,43.37099082449052,1016.5561334878566,1.415095905931305,normal
27.575238431530238,35.97394728200307,1009.8694196947685,1.4501992941975317,normal
44.26365745327361,67.4957674318694,1012.9929140542336,1.225612659659254,normal
27.854452553465833,37.56136764608715,1000.4959226603028,1.5917468334449638,normal
30.677828200902994,43.07094802204092,1019.0451532635536,0.41097956631180965,normal
29.770008817466014,42.81592734430802,1021.8233306232341,1.8336120557755686,normal
28.25695625652899,58.949243769444415,1008.4790966716691,1.761619310856129,normal
23.42365377679827,47.05050321707972,1008.299578522405,1.3678109986228733,normal
28.794846102466337,62.477420726737336,1015.6587822965205,1.89089945438553,normal
21.13587392731214,43.26509375756132,1008.632802639594,0.1716883961611131,normal
23.815906966299956,52.78994162223802,1012.3386738537417,0.7377759318686741,normal
22.573182260854484,41.64652946740243,1033.997217891665,0.6323482696590239,normal
25.409370696931614,71.45149127773388,1010.52974299254,1.3607396618786716,normal
36.573292833367546,38.12401580970487,1009.4165984797878,0.4749296301989272,normal
15.66367403704126,53.09820710227027,1006.5245819436484,1.3787475746687428,normal
28.43130095187257,56.337768809320984,1020.4419197149994,1.6852680719983568,normal
16.936420644051744,54.137990974514985,1011.1877582678189,1.3476014500419997,normal
22.640340671052833,48.147123411222914,1006.5062696167857,1.1418755118307506,normal
30.444752984836832,48.70179300266574,1026.2130403227302,0.5060633295496254,normal
25.321400095477316,50.438114719791095,1027.1960300451365,0.5765745169373178,normal
19.61127611035347,48.529979983715116,1006.9957643426129,1.6248094526483334,normal
21.42348145370016,59.638791167949094,994.3346004863938,1.3896745019526662,normal
28.39798874467338,72.10523001591352,1023.0751368983692,0.9804902403112279,normal
21.34816684141432,44.425082149921664,1006.1537017424,0.7910452271170547,normal
26.082292947909874,36.301970204209226,1020.9062559916276,-0.012903936555688444,normal
25.22785919951907,49.117179516487454,993.2989618228817,0.4645737906577806,normal
21.741998261970913,75.79709337654319,1021.9259733829931,1.9557095435698617,normal
35.719720446626624,41.963254320302696,1000.8882807071922,0.3597722144987666,normal
28.169595111590056,66.39116805444067,1020.3076411906652,1.0947399106105404,normal
14.874287066711965,66.77700814076441,1013.1427306783644,1.5037219865975993,normal
25.93227157384714,44.46411758292005,1003.4606058060335,0.37253866599885377,normal
21.69106767615806,55.689830791852756,1008.9296368707322,1.0923552373905416,normal
29.26216667398112,66.28396623128538,1019.863184569567,1.4689577687553275,normal
21.037396307836495,46.20872259012513,1014.0589445311523,1.0062496609536251,normal
24.426317792665504,47.964196398976384,1018.8441298047248,2.434201527833384,normal
27.524936394902287,44.18319086051356,1032.764405845155,0.16570037056090237,normal
29.328775970850607,39.852432693071336,997.3575838828895,1.5293642649419394,normal
18.998517964721117,43.50722454933993,1029.1721257496863,0.9135991313017678,normal
23.327493820795258,37.760597332377436,1014.0435593752321,1.3859600774183376,normal
22.62527344419522,50.34083468259226,1004.0121595167687,1.2206535758496229,normal
21.73335383713144,42.30026768941358,999.69686374261,0.6334219014450018,normal
33.82727120140548,52.33785911790748,1011.1087960922297,1.11449819622967,normal
27.024908554804778,34.44104353796373,1022.2165011192446,0.07104927430085639,normal
18.695580228324772,53.30880232214457,1011.7245087962247,1.3016237502856969,normal
29.58930973527388,58.33528961608925,1028.1115493024736,1.1490792329952628,normal
35.610780985063165,30.062643574285445,998.4882430994844,1.3193300843215512,normal
30.162326302755734,53.74056569847572,1012.8791105215395,1.5290591625435752,faulty
17.403150170229935,62.27668992473292,1000.4760655558688,1.1838099201048555,normal
22.578829635668743,37.90358981308795,1016.6363188262496,1.0740447098991381,normal
31.334555745933113,66.72572386837703,1021.868873900973,0.5594658316693539,normal
21.461652671906094,54.190190093660455,1008.7923820631895,0.6438896181754745,normal
27.219097140731144,42.949881442415915,986.9578614337287,1.5933673100886656,normal
28.873170267146683,49.44230922342294,1014.989481467965,1.7181677028529894,normal
20.365347642109583,55.58326912521722,1017.3673855173352,0.880944781843973,normal
24.702373219691,50.760053914124114,1017.042947549617,1.023001373626637,normal
8.793663299654636,55.387559924463694,1025.3578219182216,0.547692812503117,normal
19.878061793328552,40.79326406920634,1002.2894632035095,1.5863784226337225,normal
23.7371592430342,51.69360824036078,1019.8021610545045,1.3327084118458894,normal
18.761084090175753,35.8628550309502,1024.9250751247798,1.9706087182318746,normal
33.16205651965818,48.887739386513,995.2141241599348,0.5608384614101305,normal
17.849293110196836,40.960923585352106,1016.1965182591898,0.8109960504908914,normal
22.799777566515083,42.64470057410233,1007.9582016899233,1.1157229612627861,normal
25.653702886430455,62.36093175210438,1012.1847732689836,1.3232447688628852,normal
32.20636644533058,60.91310120594269,1016.4767648353834,0.8921661812261839,normal
17.8206892441028,56.09138120907177,1008.1277143588645,0.5635194547731498,normal
30.815818760774796,39.07687235327421,1006.2429192083839,1.4407037644617855,normal
25.051165305097935,46.83591550305198,1013.3415241748802,1.3605676812727907,normal
20.092456744760245,62.130976999791834,1002.127540611372,0.5418629497181375,normal
27.310517371316354,51.417169136399046,1002.1417487111481,1.6777214005527479,normal
25.99529847786735,73.19329539981695,1019.793732829565,1.5850993545983019,normal
21.998915614206027,53.93317839394372,1001.5120596484135,1.0671482486238963,normal
25.349010424950094,51.92049116490031,1019.6631250090921,1.0397989311880182,normal
23.0734320156912,46.908835357974986,1017.6259129285395,1.2770288855579537,normal
25.56758672625624,51.33540904782282,995.741932712094,0.569148464871871,normal
28.310653372605234,48.47530163619456,1006.2243534766435,1.0150157395820412,normal
32.93008408072676,57.0810867668859,1024.9410940304738,-0.07619177230459018,normal
18.810922505865754,59.56702316794584,1003.1883446886031,1.4382278227514678,normal
35.665166873281336,42.140105394920504,1008.3559573769061,0.2192533887790703,normal
15.239561002387491,36.68767046442222,1017.620608932519,1.7517099142144996,normal
24.241074524822082,31.637946268967035,1020.833905092826,0.8349399530167748,normal
27.941586032422883,55.079913269125434,1010.484611139555,0.8941665090344115,normal
26.404959338675162,38.966333938261265,1007.0248980530836,0.6861330469577471,normal
21.88650240089703,28.47109407047517,1027.223698616985,0.8559805630389619,normal
23.959388748213623,53.885786045309644,1030.3889966379759,1.7092656725740183,normal
22.534995326705836,74.9299951743279,1022.788580507818,-0.24390432826753972,normal
22.053176215278942,49.939290884601064,1013.8531814256503,1.6384826930440939,normal
29.248010485105123,58.38490774451642,1004.9173427835907,1.169011740550854,normal
26.785077429825236,50.81829358547565,1004.6955559344343,0.3964891760713922,normal
21.535452023696728,49.01110346808857,1018.2251410526576,0.46234380347538107,normal
29.497999377166252,59.190764829877686,1017.1839822088868,1.8381965136041014,normal
26.536497604383047,47.097254558113484,1027.0159859294643,0.5272465600286345,normal
29.0643105941948,52.673923140719026,1019.5045009253614,0.4233247447020203,normal
28.14814420961806,53.216978061960134,997.9691969824019,1.5686572711823645,normal
20.855024945389637,43.31909546356951,1023.5194761772292,1.169276438142957,normal
22.199094799015153,59.92042349536523,1003.0193937268559,0.5310372117318005,normal
28.736468025616308,48.25040243304591,1009.1602872804765,1.1083124877023094,normal
28.051851327167324,42.442548405071555,1015.5020020625169,0.48712365817986136,normal
24.89549203017926,55.365098435704034,1032.9566748978395,1.5504106992113025,normal
25.58663691654391,41.015320182089624,1044.0991855600537,1.5306854824365668,normal
31.388324478942124,50.281811573691286,1019.0672305913619,1.2660030994109714,normal
22.04214305582085,49.90881003355796,1011.1680338127961,1.1808305306235083,normal
27.735486905850188,60.85895565831578,1018.3450564848055,1.880594062433687,normal
23.98903673783053,54.746982328799525,1021.8765542587383,0.9998431636941126,normal
23.9115939838639,49.74973041254856,1009.7933237444281,0.4090629372895994,normal
30.49388425993595,58.17766299200287,1030.9521135591233,1.2247369564161534,normal
29.12708174494015,63.90207549017313,1015.300707591914,2.043023524768557,normal
29.067548180003193,55.578103063518626,1017.977430890914,0.49262025340707394,normal
31.527394035771646,50.103526198433805,1019.6592425205446,0.8192686166530071,normal
25.105019208163796,36.8816376764984,1017.2158661061445,1.2082230190507264,normal
28.40976485647482,39.348863369246274,1021.3894050046961,0.9730475754971304,normal
23.44866621703272,46.94775295645332,1006.8274681345308,0.5088482098113427,normal
26.62083176244221,43.90487797840717,1007.4169824605397,1.5609289281152354,normal
24.349284728161578,48.13028697014554,1001.9984576702831,2.1600203610086295,normal
25.48497982496359,50.56649924897107,1017.3950123062023,1.0980657295119536,normal
27.97578512718457,55.29692754356731,1020.7893650351211,0.5479658551319999,normal
20.908896583832636,49.29501221940909,1017.5777286615189,0.22551973747326248,normal
35.4619363784273,54.86501643826202,1029.7449243334754,1.1289879906105904,normal
19.96991309250149,50.6447441481012,1012.9440398117096,1.551938671658129,normal
18.92905693606134,30.245334336461287,1019.6874165559251,1.237583873247691,normal
30.790554367500338,40.606646061812455,1002.0829912386068,0.9987980795405731,normal
28.95831346981468,48.55912444278385,1009.129002975256,0.7053641741053469,normal
28.120599085260775,37.90305257158892,1019.9553775756577,0.45391818364095515,normal
28.1417275463214,55.99928729996205,1021.4910211074315,1.417375663162441,normal
24.938766135765427,65.30750832343698,1010.0603305233582,1.4568858106927929,normal
20.51372814257084,62.18761851697317,1012.2840074814193,0.22713510665463343,normal
25.37902279096863,47.86557129069792,997.8212625331919,1.794919489090342,normal
21.61419144243944,64.90726136849952,1009.4297079919339,1.2870356104470007,normal
29.875598667088756,51.486674572021116,1021.9038316351979,1.6997973225728966,normal
24.264713092489306,46.629140288819606,1018.7520501610657,0.32893612575744247,normal
20.872514016037442,43.8659733645906,1018.0066572138121,0.31708792229228056,normal
23.393070791735035,46.975303135118715,1013.4977368718096,0.9255153451163516,normal
27.06465727137812,46.118231814587716,1013.0706315862818,1.251392213447597,normal
22.181377235980126,51.70416222375488,1006.3967886052656,1.898180411463482,normal
20.888898022167844,51.60573981049865,1019.9882842020254,1.3530394569075659,normal
26.218436057459563,50.03046020153415,1017.2097294438939,0.8786593615939833,normal
26.224832855543614,54.369381697463496,1017.920188479928,0.48681539616705394,normal
22.46528412314435,61.906462747863415,1007.7396515733242,1.615000286359575,normal
22.644808471908387,59.495541354413234,991.4665708012875,0.5176472871246426,normal
26.16024968678818,35.151020315500965,1023.971527117537,1.8142342773861608,normal
17.75957829251338,24.46078865098045,1008.2116254399159,0.8578076751967454,normal
17.962681128117225,59.34319911239274,1004.3722423595688,1.7952910363089252,normal
21.40777889373782,36.33121301584579,1019.93478911914,1.3394656450296392,normal
23.932764241440765,47.75234598107316,1009.0798736008087,0.9315022552787708,normal
26.554537827990025,38.298869739406406,1023.5993638404663,0.7403018140869366,normal
32.37678108474776,31.9801956241998,1019.170059495767,0.8295460613269601,normal
29.288298116010097,55.41462728204788,1019.8356932320048,1.2141583461876189,normal
24.200307350182864,57.59155160302647,999.3404428879946,1.0385782481088583,normal
24.904918960486555,44.2348959927328,1025.119439853864,0.7030942959656474,normal
19.987353176810956,24.089577078550903,1015.6125053123386,0.9171842948411839,normal
24.90743432003805,44.53755551747517,1009.3072286075379,1.039288514859575,normal
23.55670680539931,53.91804005402547,1014.4338846734225,-0.06436704720740605,normal
26.613592801690448,35.21088431225871,995.2376476710168,1.2290840573943493,normal
20.863845282238387,51.83359919779156,1017.0865281148067,0.5101393876415966,normal
27.596732571205862,49.846901508270044,1002.7062849181793,0.4233337983971275,normal
32.66369456501289,55.792914996010886,999.4732971415647,0.15632782644464482,normal
24.456199257715713,51.19580368414153,997.7764081378211,0.10305375106605486,normal
27.008558610494706,40.26931059118444,1024.1268837498992,0.3222762484438554,normal
28.450719958555563,61.965715016644914,1006.7073660630721,0.6454895211847548,normal
22.993897640570818,48.4147042697303,1028.337277099165,1.976629568763284,normal
26.120462409052084,49.72695460490068,1007.641985369477,0.737060162052398,normal
25.062962003908975,40.667320409268044,995.9264204240706,1.0888750531340157,normal
25.48838049274416,45.567177488084894,1001.8347556005134,1.2002406932531644,normal
21.13495108072267,41.15197285973099,1025.3581162000694,1.0655325931079243,normal
25.122550871294713,48.27053940076577,1011.4410182206333,0.9612782696370031,normal
27.489991456227248,67.11708480142343,1007.517127035094,0.40235311820037767,normal
32.25571803897521,36.28098857068643,1014.6001822585279,1.725463774139606,faulty
29.796354130426035,33.86438602123259,1018.0178273616755,1.9035983218189427,normal
35.76591228755778,64.71170327493608,1024.1739881590247,0.15867065293865712,normal
21.163262185559752,47.90676322848134,1027.4849922989292,0.48798570455681023,normal
29.361603183603393,43.309272613400836,1009.4023135421091,0.8600948288114969,normal
25.91671002869176,60.39904687396076,999.7395231391796,0.5177311025449043,normal
35.94901466608836,43.94384460263136,1008.8653483887672,1.2529827767279327,normal
20.958508573224243,68.26009713546937,1015.6028050658289,0.6358638987966935,normal
20.801390789096118,56.77925871339269,1003.3624107378939,2.0825280339033014,normal
22.00303677277989,45.120885918542974,1003.4284908510496,1.5952742971717981,normal
14.380521378450965,71.57308213265503,1016.4378788154988,1.1062870153161075,normal
22.371224891596196,43.94285076996662,1012.5134764842954,1.513493131659866,normal
21.20433669223151,57.42095372009307,1013.3279699541158,1.5529502121786545,normal
25.75196893238104,52.99292580406492,1005.4150466529993,0.7180262559708783,normal
26.708779878885796,63.01741289398798,1010.6959928579423,0.5918913777290176,normal
34.38085419607943,65.61511196726853,1003.757668557317,1.0390715314848238,normal
29.75211919093025,50.320041490657665,1021.9019841112479,1.4308180622489721,normal
22.115481721687985,42.46582129653817,1023.3524933472376,1.0695301993267088,normal
20.50792664325821,54.59972142939117,994.5381213776191,0.2115017589045014,normal
27.459595857532527,43.22284630247894,1003.7048913980759,0.5985877780245789,normal
18.398833964896788,70.13387247526623,998.0347074490992,0.963013568202811,normal
34.157293829271765,51.36535331082737,1006.499760655931,0.9621671978370848,normal
30.897200603606436,46.34678448687891,1012.1656203020964,1.9862710883949042,faulty
22.654121739476476,51.84680305864909,998.5035478030147,0.307006028800501,normal
16.434327354545612,36.52873710470303,1003.7814018687469,1.2527946209179373,normal
31.769361870827062,40.28385961489349,1002.960426279185,1.7445565541641448,faulty
24.42730077373691,62.00413907944426,1015.0726732939894,2.135724872711398,normal
31.189081559867308,43.43105721028604,1013.6934433703625,0.7978012884080193,normal
17.027861706028165,39.5308901731806,1005.7826244666275,1.2457147263600998,normal
22.003124885231134,55.36652752527286,1014.768208721394,1.2848801785993236,normal
25.026218498590914,61.85704154662997,1007.5331991541274,1.0977408657766454,normal
25.23490296882371,57.18953310665067,1010.2834488967395,0.950577399380347,normal
22.74967264260378,59.960476858058165,1029.7345209029854,1.217987694750023,normal
28.114249661737492,42.43204911430539,1026.4046105179034,-0.26612304260984265,normal
19.661897853087027,35.78189333258156,1000.004187630724,1.3410347450313156,normal
24.288102574893532,65.01333651955487,1021.2973241787918,1.0630889518309836,normal
25.601478158559495,46.77320161157864,1021.1139655449159,0.8887625516108673,normal
27.572194170293745,47.49166983544953,1001.5173671124738,2.023431097859779,normal
28.55807439044445,63.281941418490575,1021.1877764375486,0.6625329906047239,normal
19.376789540810655,55.5623000940066,1028.3793191841255,0.7984620054674846,normal
17.32942914632189,54.55887772081608,1001.7745519375559,1.995776651102367,normal
31.388384109492545,71.65002344901083,1003.8249717898574,0.5839693475750717,normal
26.661570059897958,43.564817696198574,1023.176614668435,0.7249423585317305,normal
21.25756731721723,59.278401280812375,1015.7149531082565,0.926487288284575,normal
32.75575987761262,50.570131248970846,1018.5147627523952,1.4203672410647745,normal
25.578373171464293,52.68592278863257,1016.405892164005,1.1039012536766566,normal
30.896485920319133,65.28468426412532,1016.9069592092815,0.3536873264238687,normal
25.337592407050543,55.07835756289624,999.7352787168892,0.7339157184364052,normal
35.303739624409936,55.38296079049633,1023.4731770662145,0.6963227833938943,normal
33.77670421221602,60.72507337309802,1024.6958999242777,0.9613894773884772,normal
23.75517925760463,46.350472704571146,1010.7060925593197,1.2129218293149147,normal
29.85785475477178,41.607903326609936,1012.5652305018614,1.209102877943986,normal
28.226879747925736,39.55190805978967,997.6889249744428,0.11199412297579892,normal
31.843157787661745,30.33643410623998,1018.1425475601784,1.531970493780428,faulty
20.17538269709948,70.56207129940321,1018.7205744171414,1.1262844229983118,normal
28.430257299992196,38.96791634278317,1012.3780898300068,1.6922660237969531,normal
30.29212243424794,47.78746376414228,1024.243533598705,1.222099163645336,normal
16.20630256788443,47.23186700111079,1009.6592276902006,1.5506614788678812,normal
19.083707436671126,53.07406697809101,1018.646059258936,1.2332726557250635,normal
14.803839111199498,58.15737212539297,1002.8033566130788,1.673112878101374,normal
23.652965827777212,58.60473488359745,1012.7644784912576,1.2611253180088893,normal
28.58771127897981,44.16922561431062,1011.2564574209716,0.951042376778548,normal
32.51178526048014,48.32878286213589,1015.2530792204094,2.1362173602234407,faulty
25.370473902098876,52.825799504882994,1009.3047307116664,1.444518561139946,normal
33.14307772785646,47.51308873816453,1011.6852740432834,1.2868722105022066,normal
18.099492708925542,66.07345576019992,1021.2604717144151,0.36184779173083204,normal
16.483087803224226,54.90974951638251,1008.6323576276178,0.35584619126823114,normal
24.722261505516904,57.348777860498174,996.9342289926132,1.1463577410709267,normal
26.920327244696537,56.628812686674124,1030.4958390420543,1.0727605988841205,normal
24.836526259529535,61.73473857485325,1026.814540786905,0.6929387174958419,normal
14.662789499800617,51.81021558703707,1000.0773730489439,1.07049134980603,normal
24.55439980243606,37.03168052044153,1019.8970780524519,1.794313464021798,normal
18.477652497475734,53.996879517526416,1007.9702522944866,1.3477012372751493,normal
28.348362744150194,43.48643106208171,1015.6348721533107,0.42949574512363087,normal
26.83299123048424,44.713833182502434,1015.9422412901349,0.9442455864285282,normal
20.300601068363225,55.863640187550935,1010.6559219968368,0.5975167595737196,normal
22.430665413316532,62.38283071433636,1005.162343344136,0.8061500417957195,normal
19.70393239055524,50.21271576736061,1006.0945894768374,0.7931921671851786,normal
24.68660451363414,53.088330125989636,1003.8380808451876,0.7611772086979974,normal
29.775711602506192,67.02214944635239,1004.6817779176955,0.37243231401330257,normal
20.07136976832228,52.407531794885685,1012.3282170995064,0.936172659240905,normal
27.520232577589223,76.01683114180395,1005.8424001088924,0.719696181576345,normal
22.348711908137794,55.65509645631544,1019.8205206571262,-0.464724345001134,normal
21.03563583868828,32.39237240844182,1027.8724615533592,2.0264860122508317,normal
24.464848200227213,57.53341621104533,1007.1994675862995,1.544384827108336,normal
19.82378838790313,53.81158384882778,1015.3940450053537,0.811849637537502,normal
22.23175347326409,62.897527540827454,1017.9968511030294,1.0094095248702992,normal
19.010610537055758,56.73181351269958,1017.7200227091928,0.4141728263412191,normal
34.82362566458195,48.615440160162265,1013.7595526791608,1.8478614389054326,faulty
25.176317759858645,37.757017637106344,1020.4268241835972,1.9486443473865558,normal
21.50137246003707,47.90976742713975,1017.8224895268065,1.0783468641232623,normal
26.06989955367111,41.494795457907,1000.623375776727,1.5117653220926723,normal
24.43835975154585,44.19476550195277,1021.6915606438928,1.087643389466962,normal
23.895152002333884,55.8857840442061,1021.8729083726674,0.3316372805620347,normal
28.070833500217127,66.69904504351406,1005.3671389582141,0.7940883155181714,normal
28.787538550236526,53.94671529822981,1013.379378354476,1.0659639833859784,normal
22.34749426194736,38.04116937964815,1019.8332899281107,0.7727261406282779,normal
22.1209087967766,54.446026682201406,1010.9068618042064,0.890673361282482,normal
23.62474151424178,61.966314866456514,1023.7297804776601,0.9543002212454428,normal
13.490394176322075,43.90217095680618,1036.6387249461936,0.9595607510672693,normal
17.42404468900724,48.65982833327082,1005.1401396736502,1.0261292452487416,normal
31.834371337222624,50.14688194729197,999.1895539684623,0.46969746680169955,normal
33.22483856750642,42.151016869177596,1016.0381859560488,0.6414919254360318,normal
23.75481980221811,56.48280433843859,1020.2156250512614,0.35770786715001535,normal
27.882784815278832,48.79051851392219,1010.6913362615524,1.4889077748431,normal
26.556250772717682,54.195324439070276,1027.5326066332104,-0.05282347092016226,normal
40.39440404227619,41.125078221978995,999.6139420027675,1.5767951716584627,faulty
30.597874557172883,45.62541699676589,1019.9291862303161,1.6931746986314216,faulty
24.360412042596167,57.22381357827771,1006.9413917924111,0.8489097065086892,normal
20.22229779699787,46.27166847908233,1030.193779062073,-0.3015685439136493,normal
16.96776839871214,67.26963851233405,1032.9251535316812,0.8193447190163547,normal
26.017318179336115,46.003638143853976,1005.3334341221665,0.9679079193555904,normal
21.218246273578483,52.24684725751886,1007.5044286409142,0.4947008900355433,normal
17.88873145201163,59.325908318730896,1021.5958788697981,0.7423908030958786,normal
21.767135578787368,35.816342670669684,1009.1286935021049,1.7650975994316758,normal
19.592259981928024,32.39191188019224,1012.5458878206776,1.3324635811508705,normal
33.43570817536282,34.74343685429905,1013.2538842054241,0.53771794281095,normal
29.408198784747253,62.62584103427182,993.8032684380235,0.20120041520228393,normal
24.960136793416915,44.481418541075534,1012.8616225390576,0.8364913411951145,normal
32.39972069445013,75.58199285668252,1006.1027222593583,0.8932716103247809,normal
25.38684153823809,44.357524013426115,1008.0687717760023,1.2480995936816581,normal
20.69357899335868,51.84551303197037,1027.4363200346882,0.7323416437161705,normal
32.61562038634828,65.42109952567876,1000.4349310572075,1.2557497876809307,normal
27.694550218423295,70.06092888159122,1021.1320518674797,1.9675770200301146,normal
19.81376922836772,70.61503576636397,1010.2103706966819,1.4077505112221314,normal
24.04830660958196,62.083662305931426,1010.2023983150417,0.9759557463346137,normal
20.621908733076214,60.240625258114626,1020.9037189605172,0.9084247644733526,normal
18.086001345178317,55.92526949201183,1016.4005129456889,0.8216634329100644,normal
29.630887737658206,57.78361076166638,1018.7061299721953,1.5903204562260722,normal
34.54708320235065,44.488142836714665,1022.6818466053286,0.6863432770243485,normal
18.007162130904295,41.81801116577693,1009.6869161681668,1.0226113544999913,normal
27.814846183452854,49.96625542589048,1006.8776326549225,1.0255989509405428,normal
21.746787154390866,48.298153774750716,1002.148494734422,0.7491079035942341,normal
22.56437308117652,45.46771950672725,1004.7458947002104,0.3137672260579496,normal
22.038030378805654,56.963874474567156,1042.4909442530873,1.1614872518088342,normal
20.68004615160092,59.553052085705104,1025.4467958073678,0.9694980140723082,normal
25.242608139724133,50.884068862918475,999.4892563379198,1.250120234718285,normal
20.84524941794481,64.77530081055262,999.7754204325643,0.7331998467804166,normal
26.352284128899193,38.58310885866495,1017.818660617185,1.610410649406524,normal
24.748809452754315,48.06340540720282,1018.4726479737797,0.5616131093940776,normal
23.80525976566795,42.831776793971954,1018.4888383531736,1.8560201420089464,normal
20.46218168979201,31.3346338292694,1010.450442064463,0.1261817450858692,normal
22.116143347158335,49.17319314157301,1011.745457399971,1.2173850322784456,normal
28.77695612912878,48.78252491616716,1016.2787952415936,1.2377153412633117,normal
27.504585938121902,65.13449743242131,1013.8589300629333,0.6022214660295588,normal
20.112223776007244,56.30811684554777,990.8069962725247,1.2121969689305063,normal
25.49666152714613,39.758131756707954,1010.7020036942481,1.6397593348800794,normal
28.756935616858947,68.54092566334188,1004.4859356573969,-0.10840941967703221,normal
16.652973594393142,62.21033695525353,1014.7521141890851,1.2513724037454073,normal
27.716800961899676,55.82097703468616,1042.852590026034,-0.24663541016503876,normal
21.686881205270765,47.73515901150168,1016.674816654743,0.517167598238396,normal
27.852993342965796,40.405607632765204,1009.864703138276,1.8145831824504726,normal
21.183704217287417,46.27793223928947,1022.2180150197726,0.709108983303973,normal
15.975589496677404,60.88748619704186,1017.8268788720922,0.4130600177955137,normal
16.862287810584185,68.84586305934609,1017.2009449045185,0.901031135507659,normal
25.24042473330691,65.43243528272188,1019.0685059321567,2.033953169081776,normal
26.29861250860741,45.11150578213726,1033.5654356482953,0.08415887639698694,normal
20.478416874477958,38.80382566710989,1001.6911156467409,0.47434504418032775,normal
28.19296229388687,51.40886246911204,1017.7363207681145,1.7487158415898132,normal
16.6923996886552,32.31560634437149,1003.7361887001846,1.9288511717688661,normal
24.66960100676342,53.23167714184781,1018.5551264634225,0.948284387854858,normal
18.944919001187717,48.52397413701331,1003.8131348851391,0.38047364873667877,normal
21.740819460989204,45.33963498131758,1008.8263318639491,2.0479217509045795,normal
25.23699335658207,34.05296932733204,1010.0491008576209,1.7972211958745983,normal
20.69793317358024,55.136001065697165,1022.7581671934471,1.3394734938811164,normal
23.077222278850872,44.672991603380886,1022.1845444394241,0.59379882553129,normal
30.0314640460722,38.30083164289712,1000.5428262355362,0.9754853295809817,normal
22.115540652384254,21.277377867183507,1013.5493411099985,0.9198199594775847,normal
29.17846056032571,49.724850949493636,1005.9042014525082,1.1654256523077888,normal
19.351465726711908,67.72251596669744,1000.4149508932467,1.7255007190656682,normal
27.649020889576413,66.6125921454787,1010.8298294957563,1.4397085205687015,normal
32.207843103289505,45.429037434137285,1009.9151721154418,0.4613119615076209,normal
12.641777499363553,43.97787939638219,1037.2671648634553,1.6882482250097688,normal
21.015523722647615,54.68774256075024,1017.329598253607,1.1565660700065776,normal
27.8853606359027,40.016145608117085,999.2238249924576,1.343532897929458,normal
23.984773069785035,53.01791899819466,1007.3522599582906,1.7332704296393016,normal
26.855729366856544,57.660802783846904,1023.2138329542939,0.4442098752432244,normal
21.980074066420897,62.26933223884308,1033.8844277286992,0.9820872106467685,normal
25.4329489373645,48.99845923520047,997.1401668776205,0.7342727243203925,normal
24.221613823039604,47.96326249823034,994.2007561486096,0.21607028731727207,normal
30.838910308299035,41.22017413243439,1031.709651753718,1.17335498880246,normal
26.272104216506065,41.7311964596014,1016.896141773709,2.2557782757922116,normal
26.68801331037601,47.73521108098473,1004.3170726812364,0.0799611277471236,normal
22.940615169387662,53.67365506816178,1018.3462908612244,0.9838596944752649,normal
22.561968879637533,59.13584626233249,986.6425226098312,1.3202714675373868,normal
22.837209060901895,41.96821049319655,1013.0337550659716,1.0615391008280906,normal
26.972260711891483,64.92688568959522,1016.2782117284308,0.9434359737421298,normal
22.895077595898684,47.28876398957431,1022.2427013953783,0.3503918182770879,normal
26.448874284482066,49.78632705651564,1002.8610404770747,1.1163933714700818,normal
35.37700399322719,42.527883208521764,1013.8568716140336,0.6216180114920369,normal
29.355623517158463,25.757597397270583,1003.7457537394041,-0.09496085248927666,normal
23.369882339160796,58.8404539636105,1015.5538375567431,1.5972961102568655,normal
31.006069610819722,57.36843897092433,1004.0465367763697,1.4791929099210213,normal
22.959623134892244,47.18672442881787,1008.9189916083978,1.0258304884255398,normal
14.80937732411073,50.66990717224872,1003.0418460520978,1.1145373441028512,normal
19.95956844541298,55.15939217704099,1019.5113624182366,1.5371590063577807,normal
15.646040394870722,34.374541431134574,1021.5845111665667,1.1121698283890413,normal
23.24243257979346,44.70947322653705,1010.6537943004258,1.4520087773806571,normal
25.092091895947757,57.94264679621827,1013.3823799496002,0.851258899563075,normal
33.382186561376415,37.45710576830751,998.5140858536646,1.6559918692869733,faulty
26.634636868820813,52.935579321666296,1010.0032335199321,1.160392862966342,normal
23.90449735595568,36.43418195376595,1012.4979538295826,1.097025971802937,normal
29.147027905917447,54.66429982433527,1039.2079309102996,0.364969455643984,normal
13.944323454960575,49.643585177025166,1001.8803297422584,1.1434779271508544,normal
26.178072790542828,33.848681840944906,1027.6417723875243,0.5840225412527744,normal
28.854325969434832,61.64739354457171,1022.9685877346581,0.680858636735753,normal
17.607068771100792,42.65408423201951,1015.8063640449013,0.5923121858419395,normal
30.718770216034645,41.89747562985619,1030.5862048419513,0.4668825340503875,normal
26.69248203747207,52.00569197230943,1016.7210547260686,2.0623857015084806,normal
22.923560430495993,61.48637349428715,1016.8915919566792,1.6656695309942016,normal
28.163909330531425,39.841781810216034,1012.4687934698245,1.9601837510721305,normal
36.35346428902198,50.61679849847972,1025.2356888241864,0.38855249022221805,normal
25.909331275292477,54.28816500330573,1023.9646923381089,1.0356268749554463,normal
26.24110293150168,56.93105607263144,1006.7432271250378,0.3532461873979521,normal
22.70319550229878,51.76441555277225,999.8075280540123,0.652152561401468,normal
20.75077815267604,46.329721609166775,1010.9701936260434,0.5409365082917126,normal
29.151679082721227,41.724097793512804,1004.9996143560236,1.6197920032207809,normal
20.719580870455665,50.86143883046375,1012.3647542538464,0.8018851609491201,normal
25.357831186096963,39.27860988014393,1025.3743813468413,1.5341896668470083,normal
22.611712766174417,20.78649516505393,1008.4269834491321,1.302060444794259,normal
27.39489912873196,54.365598041576675,1012.5717661868842,2.1518193760523943,normal
26.66831052643474,59.039348410861955,1013.580227348084,0.260277888430138,normal
30.187699721289498,26.370675644581617,1021.4843088220529,1.6296166198933995,faulty
22.449918005726264,39.90269295290062,990.5311066601539,1.5732204352003638,normal
23.650625323533145,56.191542610051975,1006.932997052347,0.5133105809864826,normal
20.106181421088465,70.574954697117,1015.1128369227947,1.5035666682365798,normal
22.77853369961944,50.20793707675408,1025.0007895642686,1.1680724815131145,normal
26.88650246522426,42.71997058770866,1008.0809755249379,0.8862618700232961,normal
28.78494308322676,48.1710355889516,994.2344729395812,0.5880322565140002,normal
20.389173379111874,63.74876419148185,1019.1971144596614,0.640445274275407,normal
29.3480296005283,43.54035820875465,1006.6463761117437,2.024906047892963,normal
31.778189294024756,42.00807993349746,1001.1033334090964,1.0003414094787413,normal
27.067174516118506,45.17256477817968,1006.7565461028678,1.3910650007657295,normal
34.38397906279033,40.466713917412875,1011.1547464234415,0.6045503091662234,normal
21.131054004482134,51.22670315994795,1006.9525533546179,0.6100735268891806,normal
18.776726483442914,66.2467845846956,990.9443394290093,1.540992404624971,normal
16.106398755478608,53.23079273116029,1021.9706619688714,0.3252118942242339,normal
32.480221557445915,47.47646497873713,1025.7487504127873,0.7923931160473643,normal
28.27182828177029,47.08188731084456,1019.5152199133951,1.017013705536116,normal
24.722076645447725,34.36809191303343,1001.6231432957518,1.0556863009200261,normal
26.399843131599102,58.83109777147159,1010.9850846605249,0.9104533574919219,normal
19.372554763508116,49.22162802987198,1012.9347868477054,1.1979098905479615,normal
37.228759898084135,48.19520086409374,1018.9879438956191,1.3464278779089058,normal
25.646105909876137,81.93107567844861,1019.6834048871808,1.367318772729665,normal
25.546973973024464,52.98752908365686,1005.658262012215,0.5070980956660867,normal
28.62883311949346,42.48208949904816,1013.8199555641356,0.8579224510356014,normal
27.405046158683568,45.736424037944566,1017.5728040461524,1.5973814309384688,normal
26.119420121395656,61.48445709196755,1027.5582232214676,1.4473235937869362,normal
21.04762772277344,51.13270410537764,1020.0450653982472,0.31357027425946804,normal
27.357341785679978,35.61722021682633,1020.8905668737552,1.1757399501761008,normal
34.41012248237517,59.19228934575204,1013.8382662792936,0.010887375312594871,normal
31.727100230774887,43.31855914461006,1027.104591452035,1.0234674510301849,normal
32.965933133196984,68.73297776217545,1017.097627959595,1.9488835083729885,faulty
22.443921617844076,60.80048065714649,1004.3891208982643,0.5260536413655068,normal
20.051975898707095,45.52678104341249,1027.0336997012519,0.582838477254209,normal
24.37106539950176,62.81016361735113,1019.9790327253903,1.3820148907864298,normal
25.278624561443472,50.678555105274036,1008.5695597887152,0.22859924239517704,normal
30.470957592354743,58.52773675122219,1008.2050703260076,0.6836224850574805,normal
16.537676851425903,54.84732817294475,1015.9657554514076,1.2982205687908763,normal
32.64775159730307,41.536433450091266,1017.6318479526758,0.6828570761552984,normal
24.209960507105052,43.56450167682538,1014.9729226563121,0.8820150063945142,normal
22.8655946502629,60.29960817581161,1016.1130867344289,1.3720928551575173,normal
19.93947812369916,46.65224667893459,1029.9995737457639,1.2107730417682807,normal
16.725716640671152,45.96351536758003,1023.7154315223488,1.133409198147701,normal
29.115852919809573,40.44877420650647,1014.9063559126503,0.8304388603649806,normal
25.36658983594202,54.235990655934614,1022.4131058076748,1.1850305576344777,normal
18.55019550129473,70.62524919243145,1002.6747609647246,0.9381336599501217,normal
18.52460613968192,39.32467085745727,1016.979270499468,1.2289028049628923,normal
23.32107650354936,50.24219456672758,1031.093063497331,0.7515339874410109,normal
33.34510762644696,64.12220555415429,1010.8195410460762,0.9087155128102294,normal
23.702043243181976,49.203586087542845,1004.5236607138091,0.5050211037239931,normal
17.48428523440947,54.52371796249734,1006.4791111140694,0.982496194996882,normal
23.77128467957028,39.376064718531204,1002.1036696265761,0.5944995681855776,normal
23.636382151261646,54.28307097207649,1005.152380918723,0.44297677491900334,normal
11.515566785292142,48.12855734995451,1009.2949190140997,1.129330573927694,normal
24.72852566741094,59.85729995679863,998.9443298082135,1.1063698879288302,normal
23.84532734895661,61.87386051564751,1013.156183339496,1.3914368674742863,normal
28.48103182406709,75.89563642018614,1022.0227717378665,0.7844372152124505,normal
34.244780474726724,55.796331732135755,1003.9224381985308,1.204026423418378,normal
30.632825147738785,53.257963165821664,1028.1928392364177,1.2753987861368317,normal
23.655556547225846,51.94384301577336,1018.1079208852759,1.2223869039157973,normal
19.467370456291647,46.46833707189312,1023.3058058562406,0.5871731585989289,normal
37.8667990162493,53.38483843461691,1006.4216544614786,1.0746817411355944,normal
25.29609217007244,47.04598589860971,1021.5452522706662,1.1820701480273308,normal
25.06964645956473,51.68460976269614,1002.0806609960468,1.0035892334539709,normal
24.879374564449982,63.1759753560796,1021.9024750083651,-0.04323882918554234,normal
25.990423803839274,39.934574347203586,1014.7183933979353,1.08024481198674,normal
24.278197940380288,61.39878561129045,1018.5325121998478,2.106265519698621,normal
22.131689965598817,63.17115067339866,1001.2440539437515,0.8199803656215087,normal
22.26570529379804,48.81931473008921,1004.0493015772339,0.6359614510723395,normal
24.836233648920008,28.781451009914054,1018.9722821825338,1.186674279855699,normal
22.282876144331176,43.921780129055676,1003.516519957758,1.1561891052332858,normal
21.435771086614178,62.96994546561109,1017.6320629209912,1.5963675827082073,normal
25.532151138459483,49.77131937701118,999.3286219353976,0.3710659220455561,normal
23.725113912895722,40.00697767705089,1021.4817421266666,1.3656901262874963,normal
32.51996494291345,44.95225078771782,1000.6747668523149,1.2952110306257318,normal
11.745150958034941,58.40620026504553,1018.5229993767953,0.9289267315297269,normal
30.45753425961231,55.4673356820138,1019.25630933646,1.169343658960845,normal
31.230425962488145,47.61067900830306,1006.0322818157042,1.5147287407991787,faulty
14.633048837959253,46.33175588185313,1018.8202656708472,1.4361576900142252,normal
23.286562029598258,46.08241850956178,1015.6044226333356,0.4284903439631357,normal
23.142795670021044,40.77589815501497,1007.6115814380726,1.4100790933777423,normal
17.962441526410892,66.15375689469442,1002.914453159238,0.9676556974837408,normal
21.110916562045624,46.7767953078866,993.3737430832742,1.0364370490077577,normal
19.447120772670857,62.17158520825497,1016.4965004729969,1.0365984955008472,normal
33.761352217118116,65.21316051922452,997.3519722863795,0.92487850560087,normal
29.678391965737305,59.9831089814796,1013.9534419944131,1.5958537485535325,normal
31.357775474970794,45.683796872819514,1010.3655178391775,0.958141020075394,normal
28.608360320216175,54.037300903366095,1019.791427754382,0.44022693580841565,normal
19.354741143913856,49.758043936090836,1009.9795450051014,0.8032350720151356,normal
22.37739866860113,40.96298139269872,1009.7055221365291,1.0893473584052378,normal
27.44687280613959,53.24359281721603,1020.3187070428829,1.6146073921485251,normal
18.889360955540273,38.20960208840198,1016.3505802908412,1.3015473424744168,normal
28.56499215086194,61.87679388461564,1016.1615595718278,0.574732360626478,normal
23.798373009209325,45.35382702701607,1017.6926758980852,2.2425949583394456,normal
23.125895962252013,52.01159655872839,997.644278767929,1.1323876554889898,normal
28.554799841017456,52.83287871546142,1020.5678867998698,1.6376953689995073,normal
27.2213165574302,47.410950262959226,1019.124687940136,0.9241427832113854,normal
23.1951691709046,55.86693801475275,1002.8331687142351,1.2666796223527248,normal
30.79664901682124,45.25096343377476,1010.559195263258,1.4197342522592025,normal
19.594683362000513,58.71297297457244,1012.6069271237237,1.609097355877128,normal
28.07967803472132,36.54020319753251,1011.6550321559827,1.5286841526891126,normal
27.96550628984192,51.26379579546412,1016.3385996656854,1.436098500036489,normal
23.452267803430047,69.38928999058285,1027.3136678183118,0.8424566344029457,normal
26.63066511121059,39.99668675394425,1023.8176672767283,0.7141269790219693,normal
18.744432118073483,43.222550294751485,999.8778080656859,1.1663037551620987,normal
29.620135096034506,55.13907849658915,1019.2206999030604,1.4665640361705345,normal
24.075489317785056,51.79581781939598,1026.2893331953542,0.8886396496116965,normal
22.386384897404803,53.50630099273559,1016.868085206892,1.5325859828571933,normal
30.245046129184445,54.891871301476634,1023.9098042518597,1.7263083727430897,faulty
21.478281547286205,56.3472146856177,1033.1227044570076,0.5418395404632901,normal
17.957693518182204,61.09699841956223,1023.2370954610698,0.58153964810186,normal
17.216854132380483,54.098186569285126,1015.4930859564173,0.9298124705473317,normal
28.030049756728197,47.58742345381457,1023.4508847408475,1.153806334094598,normal
18.597853237518585,56.72573701202731,1014.4488783309689,0.7377164931164746,normal
33.77397090992182,68.99881934895215,1013.2390304328495,1.6761013394335722,faulty
14.59035296058139,48.67366253617426,1009.4858576428627,1.2120334307592255,normal
33.48228184145019,40.254706953293585,1028.634133588321,1.0197235241203697,normal
26.05508733601309,61.07080669286972,1004.81571334058,0.2820452380657362,normal
24.516434440648037,48.796188360464015,1028.3236772467812,0.34209209178624644,normal
22.275404565955252,28.273304539859637,1017.9986412374037,1.1405046251409032,normal
26.995680571760353,58.47421677150422,999.0069382519806,-0.06629781307741811,normal
24.81182648787576,44.64671814046077,1016.6764929299142,1.506318704822036,normal
30.516509410082605,49.094667176958396,991.9997349234837,0.9209230778138399,normal
25.571138243310198,53.319803305690144,1019.2550801683103,2.6215464847973666,normal
25.75150880730939,51.904996797790666,1021.8523148298899,2.1539581253080553,normal
23.18193893893072,57.0945181713904,1007.0764404434794,0.9092754653762416,normal
24.715271881394663,45.645136294301565,1014.2354769595559,0.9468314987343425,normal
26.539008844460295,55.131057981760826,1032.5415743375029,1.497790757001015,normal
16.449158036716874,47.40453322416083,1007.9425329573806,1.8515863049590189,normal
18.259072889471433,57.38810480887503,1002.410924129434,0.1809854712819916,normal
28.716320470113576,56.153674840130535,1027.816634024626,0.1068122673226567,normal
25.854327190639708,40.645612979554045,1032.625871905308,0.6889825972228093,normal
24.080083318236603,60.85982116175032,1013.0369567184785,1.2913687915869323,normal
25.092169665326967,44.64036554885952,1023.1146303540836,1.2484367952537985,normal
26.737908526808354,58.08057798281145,1026.4147591553087,1.534885727491925,normal
22.301201598453193,53.67287313401341,1005.5751576746162,0.4001512358173459,normal
21.108476372988438,68.38183676795123,1008.1469416463214,-0.15807193148443832,normal
25.979226275488408,47.76534017628148,1025.3087451315473,1.4290070976510727,normal
20.10813611192484,46.506832038818025,1029.8501427870851,0.5859018635173827,normal
27.041263778572358,49.805803941122676,1018.6288086017436,-0.00924393219431896,normal
16.4870819788108,46.968202171657246,1004.2018564649794,1.0725318729796909,normal
30.14577818662822,57.9994190194205,1032.8706111169945,1.3965878441093387,normal
27.362987412065216,33.83689391563412,1007.6902910218804,0.9389714339393613,normal
26.28014867156938,39.46317580853646,1009.6486221882855,0.7710758069087553,normal
29.91345491972757,39.32197078420807,1016.4233783448963,0.9203188839270467,normal
33.32737222231288,59.50307591973576,1028.5416042071477,0.8147086187996085,normal
30.07185032509065,67.10613372581925,1021.5397597655223,0.32597644402991643,normal
15.795628843341774,48.955507814625285,1017.1486550036191,0.6426596615047842,normal
18.602115166321493,48.311782768099896,1017.6328853011811,1.2606399525069072,normal
21.875907111521606,50.700521631131814,1013.4351466864347,1.16083927068825,normal
25.13045525105417,61.61878302608191,1018.5813951451851,1.0840299029834102,normal
27.588295102345615,40.72646865809426,987.704399223057,0.5024257590733103,normal
21.371280934232672,52.38368982734785,1010.033925409302,0.9092484189321665,normal
25.93383382238539,59.7519762978243,1015.4132193491678,-0.08853252322142735,normal
21.22308533823339,55.01094169939845,1001.4898591638049,1.0892383319426948,normal
21.942410985040258,51.89581616598743,1016.8632331781156,1.7144288539067838,normal
17.96669451575889,60.01046092567141,1010.9552877901388,0.26293393397894715,normal
20.38383376944548,22.96767707000763,1030.554756983155,0.7070361633411224,normal
18.24157697191833,56.77875319530908,1028.7301972521486,1.1645533893550648,normal
20.120633735113337,43.45924316872576,1008.3419443088184,1.6264213172137418,normal
30.268208983039198,31.693671031435432,1011.4916228843331,0.7758876918499253,normal
20.253005555840286,55.11202599524981,1012.260524343916,0.6538748353670518,normal
38.161910324186955,63.73658545162958,1008.4834052384037,0.015538428791958436,normal
27.466589504404446,48.62551485372308,1014.9502498402812,1.0517190646540533,normal
25.92418061847437,59.528745472029385,1005.4171793111241,2.021038020071872,normal
20.708211099093933,66.12278257988646,1001.6938466506248,1.138679230982338,normal
28.501549397044958,63.14914453584048,1019.2271122390027,0.9888605104081434,normal
22.12181086881113,66.39964529371393,1019.2952958422181,1.1610411553834927,normal
25.610049073226808,57.42127491071892,1004.9568424034001,0.994453998025699,normal
37.800422691343975,50.754336389015926,1021.953554307626,0.5934928138699351,normal
24.51970050137675,33.980341881028316,1006.6842227083467,1.4116399578388528,normal
30.74636663142838,47.53937511870051,1015.5316523803798,1.1128807615558771,normal
21.48411787437056,41.567534046838084,1021.2034401261245,1.0088066259668287,normal
24.82505754751519,71.70942717497815,1012.6638743529629,0.512316986360875,normal
33.85400317817755,48.24114187567663,1017.5474091214113,1.6517539659673797,faulty
21.865164711061162,51.23204806784486,1007.8357035611243,1.332351372666555,normal
34.062242789984644,55.51485376040468,1011.0353341657191,0.723539581316349,normal
28.538759677277376,50.436024463724536,1010.9414056911966,1.5009124268409686,normal
22.18766612052866,66.95051040430752,1005.5342165345976,0.7512145808073964,normal
28.162038695277605,43.77350638265548,1011.2322583688422,0.6089982537444816,normal
29.86277224813365,51.94607455237243,997.5138170113626,0.6201484412598565,normal
28.10904981108598,42.57529414301952,1008.0884625285789,0.1144657234559544,normal
17.148876400547717,36.79977488779294,1010.1512450663033,1.2357711902091029,normal
21.364314120875658,43.882309090947146,1010.4382024750462,0.08442756083082492,normal
23.762406822242475,49.62963202951588,1010.5850255412922,0.3857780843671187,normal
24.62783285449977,45.7069777548274,1012.3823580013988,-0.037794004539266624,normal
28.103360487753392,43.07579020126144,1017.7944151808606,0.9569651536045535,normal
25.888505004666268,35.93682536328166,1021.7451707413252,0.924839769864064,normal
18.323278206449494,49.16894427371305,1006.5023477315174,0.836651893406818,normal
26.900989255029817,34.952796259689975,1000.9679914461085,0.47871115266471187,normal
28.052928726419115,57.60055963689602,1002.579555877569,0.41388312328168,normal
27.7989522396552,50.824397529345035,1008.1279707880507,1.2321849317732871,normal
30.403903627773108,35.4244850053507,1009.480786821835,0.7247240341457561,normal
29.16961077274452,46.907909229501364,1005.3000393380254,1.1581791607680723,normal
27.295900396142184,42.478435944094166,1000.0388333575011,0.5573756569378887,normal
24.649171442706766,53.1917451041918,1008.4387917252582,1.0905313713855411,normal
16.69519533242004,63.40450446023144,1014.8142662011397,1.6516390186580319,normal
27.148091095662927,31.248275303542556,1018.9502946583557,1.2930829001963917,normal
26.038438435815557,51.150260791474174,1007.4257694689168,0.7937930908917599,normal
26.357894185976868,48.398672044333594,1008.8700217785656,1.1285994851779637,normal
18.616257120898453,56.713400764504655,1003.7330169115269,0.8796674127348935,normal
19.594717297958688,52.131966282376894,1012.6856082962522,1.003940092347364,normal
30.26576426666452,42.48030668261181,1004.5157136580918,0.8371944739257482,normal
24.802224230716725,46.80946064333382,1018.731278132412,0.9178323970573043,normal
28.40750348686312,42.03974143196511,995.1413350806589,1.1060466765370875,normal
25.141591880652307,60.76007138598598,1009.4037032754753,0.5033206502090246,normal
25.148780697478728,50.21311648671942,1016.0110733919174,0.49206058650501083,normal
29.691419029879988,69.01190685753008,1014.8383451632251,0.30572872308439447,normal
22.41977635891313,49.39339186185379,1039.9303366398049,0.19986444774814505,normal
25.480603884704916,42.91593233089537,1016.4980002456791,0.3913586538897603,normal
22.688623556474788,34.862856073871725,1002.9594540315799,1.0797312534020647,normal
22.82751886283842,31.96860323744055,1012.0453575291093,0.553606242254058,normal
23.454139382656802,34.158640569945106,995.2375366653355,1.2568072321155481,normal
26.110668858168566,52.67126651011483,1012.1940025070323,1.0173568743762809,normal
22.606256891682612,55.08725023229934,1004.6694394299924,0.015747893280973146,normal
31.278780627867604,34.188092979678665,1022.1539027556016,1.327487792110845,normal
20.52696348890248,58.950383140761154,1007.5045972540446,1.405399322795855,normal
24.065641779193204,45.1693894831656,1011.8323408420475,0.5030686625825733,normal
22.801344708629124,51.467930119855495,1006.6444215859559,1.2100957714474958,normal
32.23488942176866,66.12220628255425,1030.3885135185333,0.5717508812954005,normal
25.982773882557872,58.96839315865532,1009.7875723388208,1.0488351883741678,normal
30.159222697343175,47.314693520941674,1031.325570434792,0.3677507965225172,normal
17.57219813481514,41.08807774584713,1021.1415176211826,0.1034467737327116,normal
26.335251329346296,28.48184598670695,1017.8206672733538,0.8085914051935157,normal
29.448153978117183,42.8084668075758,1016.6873314731752,0.938135526862582,normal
25.41141994637712,47.88869761172305,1016.9379729821625,0.801160153192698,normal
30.327401875326757,40.12820472848816,993.7232742065439,0.4079847208887203,normal
22.41355774949814,48.68743032907695,1010.2111660584924,0.8000504689344314,normal
32.0467372009279,50.768518829587684,1021.4515797118432,1.134647376290367,normal
36.49449061809625,47.751440181919214,1012.511028165259,0.9775534849387315,normal
23.185807197801704,43.4999741917654,998.9481015319642,1.0912505152996066,normal
22.77248739299614,51.68654671966728,1012.4759554942253,0.6649423997728836,normal
32.2669223855885,54.41940649569409,1030.0410551625548,1.58585895735808,faulty
32.89786072865356,39.096009225571535,1025.4689171553473,0.4119133317226097,normal
22.385699864233658,64.10932379746271,1012.3799599063396,1.2437801485433593,normal
22.899065914520712,49.014118677157384,1022.5144927705809,1.5909455464799809,normal
23.591076955697464,50.188496229448475,1009.3349297963194,1.2404540463744478,normal
18.277747444828613,57.08214423256557,995.9612841317328,0.898737886467585,normal
20.40674026757901,52.332161312635016,1003.7553401187045,0.7358514766685105,normal
19.97929616623966,59.53136633913245,1028.628887685082,1.518043825523128,normal
21.161012174479357,52.87124165201824,1010.260069181707,0.2885125373691635,normal
24.826575563066093,43.87562625359562,1010.5661602062498,0.5149378698101782,normal
26.171073662682602,53.61503525206102,1010.0016180372512,0.8012211172541392,normal
32.75250246407038,38.56273792679338,1032.04136589573,1.618826878755999,faulty
20.008229796306047,51.085597057765234,1029.2595891536207,1.189883818020448,normal
29.921611992382918,49.66770009355539,1035.1878023344814,0.5159771207448773,normal
23.930055778872454,47.918831427274604,1011.4095478959995,0.8448461473075481,normal
24.752681451737836,48.71462488561069,1015.9562448874709,0.6928384279518528,normal
28.37409746083302,31.18150954502361,997.8335745057921,0.6451055038832325,normal
19.386389892188507,44.512750922590385,1027.7693442611828,1.4894447792783896,normal
26.912048730920255,50.928449011411146,1001.3222044873206,0.3141284353682472,normal
25.83226104106528,51.598563919974005,1015.1677556376263,1.8043904278671867,normal
27.462256320040744,39.72324859074042,1002.0269747236715,1.4141148450923113,normal
26.44584321953909,62.65707840864701,1007.111331732613,1.545430835301849,normal
37.276500699554475,41.33825151785499,1004.627375689503,0.7685302439873709,normal
21.81130007874342,59.69457200526737,1006.9212473932419,0.9250296404604453,normal
22.345015224990913,54.27194361871685,1007.6087729685103,0.283424092737644,normal
21.88429736787618,43.53772690156197,1007.5173120507492,0.7376687964665984,normal
22.222614404198726,67.75310892609512,1021.3333391178031,1.2468274238215755,normal
21.81306436346741,38.0636316824352,1001.9513720693748,1.648031530890698,normal
30.94508265553776,59.191541736100014,1015.2054142701387,0.44642159159877415,normal
32.102521239949276,60.005823180429786,1025.1795915230555,0.8172470315073671,normal
22.14626853125262,43.293797909233554,1007.868036354866,0.9243503898837389,normal
20.838222134478855,63.92465300064329,1005.820811092524,0.3021053989037574,normal
27.35707778193202,47.49953485401047,1010.6947537481975,1.2956746208792,normal
22.238884778595143,52.88693629279857,1024.7972520836072,0.6380048341286955,normal
28.164659088777555,52.603218387712204,1014.9410763095336,0.902304824411488,normal
26.0146151042565,48.65691258529452,1007.6878570539241,0.7740253140440612,normal
17.42127942501384,58.10808273159782,1017.8387665118804,0.6053307471401628,normal
32.737526006650306,57.93488720552213,1001.9770785016358,0.9964775072597226,normal
33.97938836547761,32.51468026761819,1019.8135951044295,0.8921952107159888,normal
21.93605654757807,63.043402428781526,1017.0860730770177,0.8140710588606672,normal
23.061492200320078,33.37508011964326,1009.9219152886111,0.6357691891598286,normal
26.429326953624525,60.32546204341657,1004.6141420155277,1.1597623353914777,normal
26.672283949935125,61.26705136827583,1004.1331907771654,1.8268086342461425,normal
28.29272136336415,39.09033569784802,1018.3481733634591,1.0699436164195637,normal
35.05102269383175,45.891857120454155,1025.2898050248907,1.4980591074555645,normal
24.11526386252975,38.94295331514064,1006.626922529712,0.30488903742326867,normal
21.00851377730773,47.850789697112646,1017.5838670355148,1.0788807196468848,normal
18.103403859927365,46.919657158142584,992.1297298139793,0.4513158405144667,normal
21.345349800290403,57.796605322693395,1007.153822693428,0.2615375362340493,normal
24.834365135631014,63.10308746119608,1012.689410671291,0.6303142962704819,normal
33.97278931758894,63.95683810789956,1003.9031658301817,1.5959496672067863,faulty
22.411943504819142,44.37831973421698,1003.634936252104,1.4750079143348227,normal
26.118939758194493,47.90778126255472,1006.3222044353112,1.1215023610272,normal
24.91788551963624,33.1656180777905,1015.9219272832637,0.2336497200550346,normal
30.94196636724042,41.94129933503811,1011.1267098159362,0.9018596743060316,normal
37.63466212936811,59.64851633097457,990.6176876667503,1.1508500044508678,normal
22.345656135398396,66.15582823548232,991.7929984736494,1.087768114789299,normal
22.55280278740889,37.65651128120078,1006.9313482214283,0.07810320825962713,normal
30.22080438534536,44.075357408471056,1017.5768658605356,0.5548410759900642,normal
28.40945744813156,49.73594243041073,985.5249515727477,0.9679611179256417,normal
34.23353662868017,52.80161158819607,1008.0026982384837,1.2681454547585949,normal
27.919640926629818,41.90396480078354,1007.7375214348258,-0.09806391054997321,normal
23.203539546064704,54.24061044464089,1026.8833777820844,0.9189380122600708,normal
27.953274153461546,45.26160652929084,1009.1497818828714,1.0715243849394762,normal
30.543517902914537,49.855477291217206,1016.8298898474093,1.4248059942581066,normal
29.102410905986822,55.462842480037,1014.4125714008746,1.3464287921187184,normal
27.53637015553649,50.064222698109376,991.694335201928,1.2912856594044027,normal
30.333373447945768,45.63614109473431,1020.6820721663174,0.600029746649033,normal
30.846477952228362,48.90390196074169,1015.1539650545628,0.04599893143834621,normal
31.910794955187637,49.11637040794665,1018.0826863967459,0.8034736214692995,normal
28.243549437948214,46.29988970117872,1052.2623770643634,1.50081591260428,normal
24.164409598415727,47.41203937332897,992.1588706050142,1.6967272637622157,normal
25.733568432166614,65.98647170504717,1030.246966497611,1.3552745511488926,normal
31.032544832541785,55.60919447941239,1010.1255248059964,1.214670411400867,normal
20.91532164506382,47.045196819708394,1015.8732890440301,1.1898198241929827,normal
26.843366544364507,56.969544045107355,1012.5448775469875,0.7219406266196098,normal
23.033305938363196,46.6618051024399,1008.7576366660196,0.93496985322319,normal
25.143724114674086,61.73124637586641,1007.3016707176124,1.8345347629131656,normal
31.392259313036494,53.69642192198094,1016.2950873557301,0.5287209971040618,normal
25.955495340099517,48.92697855995771,997.8282630332832,1.8073893953549258,normal
25.232182740780743,54.477169258102776,1020.5057916752177,0.8389859227539708,normal
18.200719295100406,34.291238479315005,1008.8380559511475,1.6627160545475392,normal
28.731267830136105,38.73232531090195,1001.6993066095964,0.2965924952512309,normal
28.227420905705376,38.060749936009444,1008.4998714200418,1.2929521005823246,normal
35.8162736165273,51.429430947637066,1025.5714921686258,0.631614932026189,normal
23.461108825234994,67.32514999485092,1007.6466491298378,0.29236640403790626,normal
26.095751638319694,72.31300146192632,1016.5845361820963,1.109267021205473,normal
26.246918418553776,56.380511014407574,1005.6904372428453,1.5047358942979843,normal
32.887266398817374,55.00844474944457,1020.5792184992362,0.5775292807032518,normal
24.523522338065238,31.98942265847261,1019.855077387902,0.2504920197707994,normal
26.395107628851697,44.57326200265978,1031.486088332964,0.9540776178325224,normal
28.039482548582697,42.12216248091761,1011.2443605450078,0.9562823356114094,normal
25.93304561578179,43.79152401748884,1019.6865480475791,1.2741598137772494,normal
22.767831927247357,48.318561814152105,1013.9806753953894,1.4747972856822442,normal
25.97044996449154,45.27909422302873,1025.9587178186302,0.9702924093637529,normal
30.36815874929886,30.207001896242122,1005.8116761239127,1.9277516573971316,faulty
19.8674235029447,57.47910256117534,1020.4500531287728,1.1121173722676458,normal
25.66484837073438,39.27256974260193,1011.0530270388332,0.8267867469965502,normal
21.499395925304135,52.39246864111149,1012.358118228915,0.19421632044858606,normal
30.975233144624212,70.74082669749973,1013.9175248444838,0.8686702398419162,normal
17.384065476081126,40.80615408413577,1015.5224039642668,0.8318065272944319,normal
22.205390763642058,24.697124772536704,1011.8377095687804,1.4801523981407352,normal
26.886059375322603,47.139957781198895,1015.1471318317052,1.231241812033427,normal
32.827620146171704,61.00959634998571,1028.7811805756219,0.4103154391836914,normal
24.67124869463506,69.58347454220593,1022.8544968561522,1.0861271932055188,normal
22.22400236653401,37.70450405547583,1021.691545924969,1.3357655858645268,normal
34.40578534720295,54.966992232365214,1008.4446047397613,1.7640156796939164,faulty
17.75993049791878,45.34689543219947,1004.1075917177168,1.4437519837070296,normal
14.005970216899591,48.94051645695864,1022.5530055823775,1.380423327155739,normal
27.20007225026666,76.44343347017035,1021.7604679252979,1.0300429973075818,normal
22.489728878236946,34.970296716048466,1027.7267067575099,1.1941560027117248,normal
19.893835914346433,52.537396614945735,1006.9601937403077,1.6247524503530792,normal
28.541782236496765,54.676931717654334,1010.7045134463965,0.33361130126017513,normal
26.219003568855996,60.857863249393475,996.6051583747457,0.825280336391522,normal
22.179606846316357,50.97983153470896,1009.0752889393913,0.6137156256218796,normal
18.59847800664553,53.08050539504102,1022.9657051057944,1.189576559363062,normal
29.362286641400722,46.08351432578209,1008.335046207718,1.6151110878253938,normal
28.251005889793305,52.69126941245107,1019.4047979520083,0.7015128566394631,normal
24.504120681103085,46.5680772450259,1011.0949689400219,-0.195152183734719,normal
34.23318498023833,56.21571889856051,1016.2405702822156,0.7938896274877649,normal
19.649576168369236,46.30389663956366,1001.5230861018433,1.4567368660087032,normal
17.372374145376305,53.77100393902187,1013.852094496339,1.2688149514749398,normal
21.540459650593778,49.707371863150215,983.0886402909928,1.2140931239052881,normal
24.77206991822251,61.26050250772168,1011.1310384183802,0.8600033490627601,normal
26.21669724661346,49.48606276411514,996.6952675628486,0.3604846318901068,normal
23.79381971071835,32.26967531793119,1025.0599451654682,1.2576471608122337,normal
26.760276982571483,62.619215007139914,1020.7740735276451,0.5828590949826876,normal
18.74230287904778,40.94267699137381,1017.6667098196608,2.092048366690228,normal
32.2188230203663,43.4623366135118,1028.2100622715939,1.285253604177258,normal
24.589244108037157,44.04338705956508,1003.5108347917517,0.7096758487230245,normal
30.586479157940637,63.74438093170817,1030.4736319791555,0.694307376305686,normal
26.71362673188852,28.643257860213044,1022.3219156426038,0.9535278966932058,normal
27.283766095768918,81.37748533659993,1010.6344471278105,0.8802490389891251,normal
27.84883640116102,60.56056809066052,1024.3562014718295,1.558416887764977,normal
27.238542800086574,52.2323891412916,1001.9370648758836,1.0932080848720231,normal
28.21361379933772,49.451059993837134,1004.7548583847233,0.634184130545736,normal
31.645762650662157,52.85554074857657,1006.914102767603,1.9452203425778913,faulty
25.98260584850735,55.211224283793385,1007.7102229193598,1.0246541657601114,normal
28.54501878794256,56.45215585950057,1002.4344235723975,1.3844198379844483,normal
24.551321528563868,55.55604466003449,1025.2308306709533,0.6958867462776204,normal
32.200586077247365,50.895806812552486,1010.4114559963017,1.1815578138722618,normal
21.61803848970365,48.02661579692674,1016.5250496835688,1.1555549955715976,normal
34.004702164554075,48.487267163464885,1007.2964863358632,0.05517535395192352,normal
24.799210246778284,48.05091719647319,994.7939669945148,2.0076375552303203,normal
17.84612448940976,61.337700968670646,1015.7005735839142,1.6453222304612736,normal
25.640522074553946,55.935567222808615,993.8774502458023,0.8014023419270062,normal
21.594741712625595,20.596113653357197,1012.3136595391453,0.44886512977207227,normal
29.203217744943622,56.55900776529761,999.3168496116718,1.173780806901776,normal
21.736880103488044,51.94736194718775,1032.8727599923081,1.0433488497071983,normal
22.769082833926102,49.81291243554102,1022.1136272217473,1.1778344742816147,normal
15.552296345272346,46.11481546911114,1014.0575379127148,1.0957886980970448,normal
22.738468403754617,61.24112719986013,1025.6370667765466,1.253120494652963,normal
12.880603366855217,59.475264621228575,1004.5368402253426,1.7236528496959034,normal
17.080485882571384,42.27122332176391,1018.4347937867009,1.2840516025643232,normal
28.802073280721487,54.07052287124535,1014.9981043371871,0.47517225054502943,normal
28.92900079325416,40.28343265458714,1015.6402008133367,1.6812814263562261,normal
27.127287808924823,36.203818352110694,1025.7235350010676,1.8203072817441437,normal
20.165119284353935,43.73282775410035,1020.324921027798,2.5760283672560425,normal
24.7614432192901,58.62393472382759,1015.8872366282502,0.438252983380201,normal
24.981987304547157,59.53125045376087,996.451125637717,1.1214410065751375,normal
19.208176554037287,55.130854200972934,1003.3995370472054,-0.04104935159449363,normal
32.51699150883575,57.25095786847997,1011.7729106640428,1.2765745781896045,normal
29.386811452878355,55.16178287114958,1013.9337237427665,0.7258998509166137,normal
23.89517913085168,43.585184047770476,1001.6979627532608,1.9617228974124767,normal
25.134429194972654,54.31922544673941,1037.1167667557843,0.612692514990709,normal
26.04191403973776,58.00409525227683,1028.1639405525357,0.15540848101636917,normal
14.791325657878547,57.542913298135744,1019.0211832039248,0.7643681296487401,normal
23.764113087397014,61.88913371474643,1013.7203686128374,0.012256114391431261,normal
21.590078760011007,57.083038472010635,1010.8779103009884,1.375549727253655,normal
19.991899950525422,53.51448207541583,1003.4808153997776,-0.03254152312816028,normal
23.594498535570224,60.701502383164275,1013.7748051851886,1.0142287905915794,normal
33.988432634247616,49.7347874075094,1015.5775254014275,-0.03890590992809839,normal
28.20421430633505,41.18125348772282,1000.5823942451838,0.8398510977316791,normal
22.144105051086015,48.36933036056236,1016.341764172449,1.821689077902267,normal
27.862913906780793,42.55097355193551,1011.4474095117525,1.1803239457178976,normal
